Date,Close
2016-01-13,65
2016-02-13,64
2016-03-13,62
2016-04-13,59
2016-05-13,80
2016-06-13,55
2016-07-13,76
2016-08-13,73
2016-09-13,53
2016-10-13,59
2016-11-13,61
2016-12-13,55
2016-01-14,68
2016-02-14,68
2016-03-14,57
2016-04-14,50
2016-05-14,71
2016-06-14,56
2016-07-14,77
2016-08-14,71
2016-09-14,57
2016-10-14,65
2016-11-14,59
2016-12-14,62
2016-01-15,89
2016-02-15,67
2016-03-15,74
2016-04-15,71
2016-05-15,56
2016-06-15,75
2016-07-15,71
2016-08-15,73
2016-09-15,74
2016-10-15,75
2016-11-15,64
2016-12-15,60
2016-01-16,67
2016-02-16,66
2016-03-16,62
2016-04-16,75
2016-05-16,44
2016-06-16,76
2016-07-16,58
2016-08-16,64
2016-09-16,90
2016-10-16,75
2016-11-16,64
2016-12-16,67
2016-01-17,72
2016-02-17,74
2016-03-17,54
2016-04-17,65
2016-05-17,64
2016-06-17,72
2016-07-17,63
2016-08-17,65
2016-09-17,64
2016-10-17,63
2016-11-17,58
2016-12-17,55
2016-01-18,51
2016-02-18,90
2016-03-18,68
2016-04-18,63
2016-05-18,75
2016-06-18,72
2016-07-18,64
2016-08-18,69
2016-09-18,63
2016-10-18,68
2016-11-18,57
2016-12-18,58
2016-01-19,60
2016-02-19,73
2016-03-19,67
2016-04-19,57
2016-05-19,66
2016-06-19,69
2016-07-19,61
2016-08-19,68
2016-09-19,58
2016-10-19,63
2016-11-19,57
2016-12-19,61
2016-01-20,72
2016-02-20,61
2016-03-20,58
2016-04-20,80
2016-05-20,71
2016-06-20,54
2016-07-20,54
2016-08-20,66
2016-09-20,60
2016-10-20,72
2016-11-20,53
2016-12-20,74
2016-01-21,75
2016-02-21,72
2016-03-21,61
2016-04-21,69
2016-05-21,85
2016-06-21,60
2016-07-21,58
2016-08-21,56
2016-09-21,65
2016-10-21,70
2016-11-21,50
2016-12-21,75
2016-01-22,75
2016-02-22,67
2016-03-22,55
2016-04-22,63
2016-05-22,69
2016-06-22,72
2016-07-22,76
2016-08-22,71
2016-09-22,63
2016-10-22,52
2016-11-22,51
2016-12-22,82
2016-01-23,61
2016-02-23,65
2016-03-23,60
2016-04-23,56
2016-05-23,49
2016-06-23,44
2016-07-23,67
2016-08-23,64
2016-09-23,58
2016-10-23,45
2016-11-23,59
2016-12-23,77
2016-01-24,67
2016-02-24,87
2016-03-24,86
2016-04-24,88
2016-05-24,72
2016-06-24,51
2016-07-24,65
2016-08-24,55
2016-09-24,66
2016-10-24,49
2016-11-24,53
2016-12-24,80
2016-01-25,45
2016-02-25,64
2016-03-25,68
2016-04-25,58
2016-05-25,59
2016-06-25,66
2016-07-25,58
2016-08-25,64
2016-09-25,74
2016-10-25,54
2016-11-25,59
2016-12-25,66
2016-01-26,64
2016-02-26,85
2016-03-26,89
2016-04-26,59
2016-05-26,65
2016-06-26,64
2016-07-26,57
2016-08-26,57
2016-09-26,70
2016-10-26,54
2016-11-26,59
2016-12-26,45
2016-01-27,68
2016-02-27,75
2016-03-27,87
2016-04-27,59
2016-05-27,73
2016-06-27,53
2016-07-27,71
2016-08-27,59
2016-09-27,56
2016-10-27,55
2016-11-27,68
2016-12-27,67
2016-01-28,66
2016-02-28,74
2016-03-28,64
2016-04-28,67
2016-05-28,67
2016-06-28,67
2016-07-28,63
2016-08-28,67
2016-09-28,69
2016-10-28,78
2016-11-28,49
2016-12-28,71
2016-01-29,78
2016-02-29,66
2016-03-29,55
2016-04-29,62
2016-05-29,68
2016-06-29,60
2016-07-29,66
2016-08-29,53
2016-09-29,67
2016-10-29,59
2016-11-29,49
2016-12-29,47
2016-01-30,65
2016-03-30,49
2016-04-30,65
2016-05-30,49
2016-06-30,72
2016-07-30,61
2016-08-30,50
2016-09-30,72
2016-10-30,67
2016-11-30,60
2016-12-30,65
2016-01-31,67
2016-03-31,59
2016-05-31,49
2016-07-31,53
2016-08-31,49
2016-10-31,63
2016-12-31,81
2010-01-1,74
2010-01-2,43
2010-01-3,69
2010-01-4,60
2010-01-5,59
2010-01-6,66
2010-01-7,49
2010-01-8,54
2010-01-9,58
2010-01-10,64
2010-01-11,45
2010-01-12,50
2010-01-13,47
2010-01-14,56
2010-01-15,56
2010-01-16,55
2010-01-17,55
2010-01-18,50
2010-01-19,33
2010-01-20,71
2010-01-21,42
2010-01-22,53
2010-01-23,50
2010-01-24,55
2010-01-25,51
2010-01-26,46
2010-01-27,49
2010-01-28,58
2010-01-29,64
2010-01-30,50
2010-01-31,46
2010-02-1,51
2010-02-2,51
2010-02-3,63
2010-02-4,46
2010-02-5,55
2010-02-6,48
2010-02-7,53
2010-02-8,44
2010-02-9,57
2010-02-10,52
2010-02-11,42
2010-02-12,44
2010-02-13,46
2010-02-14,59
2010-02-15,48
2010-02-16,55
2010-02-17,53
2010-02-18,39
2010-02-19,42
2010-02-20,40
2010-02-21,45
2010-02-22,52
2010-02-23,50
2010-02-24,49
2010-02-25,50
2010-02-26,37
2010-02-27,45
2010-02-28,34
2010-03-1,46
2010-03-2,41
2010-03-3,44
2010-03-4,49
2010-03-5,48
2010-03-6,48
2010-03-7,56
2010-03-8,36
2010-03-9,53
2010-03-10,55
2010-03-11,51
2010-03-12,41
2010-03-13,46
2010-03-14,35
2010-03-15,33
2010-03-16,56
2010-03-17,54
2010-03-18,59
2010-03-19,56
2010-03-20,50
2010-03-21,48
2010-03-22,29
2010-03-23,43
2010-03-24,42
2010-03-25,55
2010-03-26,63
2010-03-27,38
2010-03-28,48
2010-03-29,41
2010-03-30,48
2010-03-31,38
2010-04-1,50
2010-04-2,46
2010-04-3,49
2010-04-4,49
2010-04-5,60
2010-04-6,49
2010-04-7,42
2010-04-8,48
2010-04-9,50
2010-04-10,52
2010-04-11,48
2010-04-12,40
2010-04-13,43
2010-04-14,50
2010-04-15,58
2010-04-16,55
2010-04-17,56
2010-04-18,47
2010-04-19,40
2010-04-20,44
2010-04-21,43
2010-04-22,44
2010-04-23,53
2010-04-24,50
2010-04-25,50
2010-04-26,45
2010-04-27,39
2010-04-28,40
2010-04-29,38
2010-04-30,43
2010-05-1,65
2010-05-2,47
2010-05-3,43
2010-05-4,47
2010-05-5,73
2010-05-6,68
2010-05-7,71
2010-05-8,58
2010-05-9,49
2010-05-10,42
2010-05-11,50
2010-05-12,41
2010-05-13,55
2010-05-14,53
2010-05-15,53
2010-05-16,63
2010-05-17,32
2010-05-18,51
2010-05-19,33
2010-05-20,61
2010-05-21,45
2010-05-22,54
2010-05-23,41
2010-05-24,39
2010-05-25,39
2010-05-26,56
2010-05-27,39
2010-05-28,43
2010-05-29,36
2010-05-30,36
2010-05-31,37
2010-06-1,35
2010-06-2,69
2010-06-3,45
2010-06-4,59
2010-06-5,58
2010-06-6,53
2010-06-7,40
2010-06-8,32
2010-06-9,48
2010-06-10,52
2010-06-11,43
2010-06-12,56
2010-06-13,45
2010-06-14,39
2010-06-15,50
2010-06-16,46
2010-06-17,46
2010-06-18,35
2010-06-19,34
2010-06-20,28
2010-06-21,29
2010-06-22,47
2010-06-23,47
2010-06-24,50
2010-06-25,57
2010-06-26,50
2010-06-27,30
2010-06-28,35
2010-06-29,50
2010-06-30,38
2010-07-1,52
2010-07-2,47
2010-07-3,54
2010-07-4,46
2010-07-5,65
2010-07-6,45
2010-07-7,43
2010-07-8,47
2010-07-9,65
2010-07-10,58
2010-07-11,49
2010-07-12,40
2010-07-13,61
2010-07-14,62
2010-07-15,43
2010-07-16,51
2010-07-17,48
2010-07-18,52
2010-07-19,40
2010-07-20,52
2010-07-21,58
2010-07-22,48
2010-07-23,35
2010-07-24,46
2010-07-25,42
2010-07-26,62
2010-07-27,54
2010-07-28,53
2010-07-29,34
2010-07-30,56
2010-07-31,57
2010-08-1,48
2010-08-2,33
2010-08-3,56
2010-08-4,47
2010-08-5,51
2010-08-6,52
2010-08-7,33
2010-08-8,38
2010-08-9,55
2010-08-10,53
2010-08-11,66
2010-08-12,44
2010-08-13,61
2010-08-14,64
2010-08-15,46
2010-08-16,50
2010-08-17,45
2010-08-18,55
2010-08-19,32
2010-08-20,50
2010-08-21,59
2010-08-22,38
2010-08-23,42
2010-08-24,59
2010-08-25,42
2010-08-26,39
2010-08-27,46
2010-08-28,60
2010-08-29,51
2010-08-30,52
2010-08-31,54
2010-09-1,55
2010-09-2,52
2010-09-3,61
2010-09-4,49
2010-09-5,55
2010-09-6,39
2010-09-7,45
2010-09-8,55
2010-09-9,46
2010-09-10,54
2010-09-11,55
2010-09-12,50
2010-09-13,55
2010-09-14,62
2010-09-15,65
2010-09-16,44
2010-09-17,66
2010-09-18,58
2010-09-19,44
2010-09-20,45
2010-09-21,55
2010-09-22,58
2010-09-23,55
2010-09-24,56
2010-09-25,46
2010-09-26,52
2010-09-27,48
2010-09-28,47
2010-09-29,53
2010-09-30,44
2010-10-1,63
2010-10-2,43
2010-10-3,56
2010-10-4,37
2010-10-5,45
2010-10-6,65
2010-10-7,52
2010-10-8,59
2010-10-9,37
2010-10-10,49
2010-10-11,45
2010-10-12,58
2010-10-13,49
2010-10-14,39
2010-10-15,55
2010-10-16,52
2010-10-17,43
2010-10-18,53
2010-10-19,49
2010-10-20,39
2010-10-21,49
2010-10-22,47
2010-10-23,37
2010-10-24,25
2010-10-25,39
2010-10-26,39
2010-10-27,47
2010-10-28,58
2010-10-29,47
2010-10-30,47
2010-10-31,38
2010-11-1,36
2010-11-2,33
2010-11-3,42
2010-11-4,41
2010-11-5,66
2010-11-6,45
2010-11-7,48
2010-11-8,38
2010-11-9,54
2010-11-10,51
2010-11-11,63
2010-11-12,42
2010-11-13,50
2010-11-14,50
2010-11-15,54
2010-11-16,25
2010-11-17,45
2010-11-18,47
2010-11-19,59
2010-11-20,47
2010-11-21,33
2010-11-22,44
2010-11-23,43
2010-11-24,41
2010-11-25,27
2010-11-26,41
2010-11-27,39
2010-11-28,29
2010-11-29,38
2010-11-30,48
2010-12-1,47
2010-12-2,42
2010-12-3,46
2010-12-4,30
2010-12-5,47
2010-12-6,55
2010-12-7,49
2010-12-8,31
2010-12-9,34
2010-12-10,53
2010-12-11,54
2010-12-12,42
2010-12-13,41
2010-12-14,47
2010-12-15,50
2010-12-16,49
2010-12-17,40
2010-12-18,50
2010-12-19,42
2010-12-20,41
2010-12-21,32
2010-12-22,40
2010-12-23,32
2010-12-24,21
2010-12-25,36
2010-12-26,27
2010-12-27,30
2010-12-28,35
2010-12-29,38
2010-12-30,35
2010-12-31,21
2011-01-1,65
2011-01-2,52
2011-01-3,56
2011-01-4,59
2011-01-5,68
2011-01-6,73
2011-01-7,67
2011-01-8,57
2011-01-9,75
2011-01-10,73
2011-01-11,48
2011-01-12,60
2011-01-13,66
2011-01-14,69
2011-01-15,59
2011-01-16,61
2011-01-17,57
2011-01-18,65
2011-01-19,56
2011-01-20,68
2011-01-21,61
2011-01-22,45
2011-01-23,63
2011-01-24,58
2011-01-25,48
2011-01-26,62
2011-01-27,52
2011-01-28,52
2011-01-29,50
2011-01-30,55
2011-01-31,58
2011-02-1,54
2011-02-2,49
2011-02-3,66
2011-02-4,64
2011-02-5,41
2011-02-6,49
2011-02-7,46
2011-02-8,54
2011-02-9,54
2011-02-10,69
2011-02-11,71
2011-02-12,52
2011-02-13,48
2011-02-14,48
2011-02-15,61
2011-02-16,59
2011-02-17,64
2011-02-18,63
2011-02-19,47
2011-02-20,48
2011-02-21,70
2011-02-22,72
2011-02-23,54
2011-02-24,56
2011-02-25,53
2011-02-26,56
2011-02-27,57
2011-02-28,54
2011-03-1,56
2011-03-2,48
2011-03-3,53
2011-03-4,60
2011-03-5,65
2011-03-6,44
2011-03-7,57
2011-03-8,47
2011-03-9,54
2011-03-10,68
2011-03-11,55
2011-03-12,48
2011-03-13,40
2011-03-14,36
2011-03-15,54
2011-03-16,55
2011-03-17,42
2011-03-18,59
2011-03-19,52
2011-03-20,61
2011-03-21,30
2011-03-22,50
2011-03-23,52
2011-03-24,60
2011-03-25,46
2011-03-26,43
2011-03-27,40
2011-03-28,36
2011-03-29,50
2011-03-30,55
2011-03-31,53
2011-04-1,58
2011-04-2,49
2011-04-3,41
2011-04-4,67
2011-04-5,51
2011-04-6,59
2011-04-7,58
2011-04-8,59
2011-04-9,60
2011-04-10,44
2011-04-11,40
2011-04-12,55
2011-04-13,61
2011-04-14,51
2011-04-15,56
2011-04-16,63
2011-04-17,52
2011-04-18,51
2011-04-19,60
2011-04-20,60
2011-04-21,48
2011-04-22,34
2011-04-23,59
2011-04-24,68
2011-04-25,60
2011-04-26,56
2011-04-27,58
2011-04-28,38
2011-04-29,42
2011-04-30,34
2011-05-1,43
2011-05-2,54
2011-05-3,49
2011-05-4,53
2011-05-5,70
2011-05-6,65
2011-05-7,61
2011-05-8,50
2011-05-9,37
2011-05-10,84
2011-05-11,56
2011-05-12,60
2011-05-13,52
2011-05-14,62
2011-05-15,45
2011-05-16,45
2011-05-17,66
2011-05-18,48
2011-05-19,45
2011-05-20,61
2011-05-21,50
2011-05-22,50
2011-05-23,53
2011-05-24,47
2011-05-25,56
2011-05-26,47
2011-05-27,64
2011-05-28,55
2011-05-29,31
2011-05-30,39
2011-05-31,53
2011-06-1,45
2011-06-2,59
2011-06-3,60
2011-06-4,44
2011-06-5,58
2011-06-6,57
2011-06-7,48
2011-06-8,55
2011-06-9,48
2011-06-10,53
2011-06-11,44
2011-06-12,57
2011-06-13,42
2011-06-14,55
2011-06-15,50
2011-06-16,47
2011-06-17,51
2011-06-18,52
2011-06-19,53
2011-06-20,38
2011-06-21,44
2011-06-22,40
2011-06-23,54
2011-06-24,45
2011-06-25,52
2011-06-26,44
2011-06-27,60
2011-06-28,51
2011-06-29,43
2011-06-30,50
2011-07-1,64
2011-07-2,59
2011-07-3,51
2011-07-4,58
2011-07-5,52
2011-07-6,45
2011-07-7,44
2011-07-8,66
2011-07-9,57
2011-07-10,40
2011-07-11,36
2011-07-12,55
2011-07-13,51
2011-07-14,49
2011-07-15,48
2011-07-16,55
2011-07-17,48
2011-07-18,40
2011-07-19,39
2011-07-20,53
2011-07-21,53
2011-07-22,47
2011-07-23,49
2011-07-24,44
2011-07-25,29
2011-07-26,38
2011-07-27,53
2011-07-28,66
2011-07-29,49
2011-07-30,59
2011-07-31,55
2011-08-1,49
2011-08-2,44
2011-08-3,38
2011-08-4,50
2011-08-5,59
2011-08-6,48
2011-08-7,37
2011-08-8,42
2011-08-9,46
2011-08-10,48
2011-08-11,48
2011-08-12,58
2011-08-13,40
2011-08-14,44
2011-08-15,42
2011-08-16,50
2011-08-17,46
2011-08-18,39
2011-08-19,47
2011-08-20,51
2011-08-21,41
2011-08-22,36
2011-08-23,39
2011-08-24,49
2011-08-25,44
2011-08-26,45
2011-08-27,47
2011-08-28,55
2011-08-29,50
2011-08-30,51
2011-08-31,45
2011-09-1,53
2011-09-2,44
2011-09-3,44
2011-09-4,45
2011-09-5,48
2011-09-6,45
2011-09-7,47
2011-09-8,38
2011-09-9,62
2011-09-10,52
2011-09-11,52
2011-09-12,36
2011-09-13,37
2011-09-14,55
2011-09-15,52
2011-09-16,40
2011-09-17,56
2011-09-18,38
2011-09-19,29
2011-09-20,40
2011-09-21,57
2011-09-22,46
2011-09-23,55
2011-09-24,58
2011-09-25,41
2011-09-26,50
2011-09-27,36
2011-09-28,51
2011-09-29,37
2011-09-30,53
2011-10-1,53
2011-10-2,45
2011-10-3,37
2011-10-4,39
2011-10-5,49
2011-10-6,60
2011-10-7,44
2011-10-8,49
2011-10-9,47
2011-10-10,42
2011-10-11,42
2011-10-12,47
2011-10-13,55
2011-10-14,55
2011-10-15,54
2011-10-16,65
2011-10-17,39
2011-10-18,46
2011-10-19,42
2011-10-20,53
2011-10-21,51
2011-10-22,45
2011-10-23,48
2011-10-24,55
2011-10-25,45
2011-10-26,40
2011-10-27,52
2011-10-28,40
2011-10-29,19
2011-10-30,43
2011-10-31,47
2011-11-1,40
2011-11-2,43
2011-11-3,49
2011-11-4,44
2011-11-5,63
2011-11-6,52
2011-11-7,41
2011-11-8,43
2011-11-9,42
2011-11-10,48
2011-11-11,39
2011-11-12,38
2011-11-13,30
2011-11-14,38
2011-11-15,44
2011-11-16,48
2011-11-17,47
2011-11-18,47
2011-11-19,36
2011-11-20,35
2011-11-21,37
2011-11-22,31
2011-11-23,35
2011-11-24,50
2011-11-25,35
2011-11-26,37
2011-11-27,43
2011-11-28,36
2011-11-29,36
2011-11-30,36
2011-12-1,51
2011-12-2,35
2011-12-3,51
2011-12-4,34
2011-12-5,36
2011-12-6,43
2011-12-7,32
2011-12-8,27
2011-12-9,38
2011-12-10,40
2011-12-11,38
2011-12-12,36
2011-12-13,42
2011-12-14,43
2011-12-15,48
2011-12-16,42
2011-12-17,49
2011-12-18,25
2011-12-19,40
2011-12-20,38
2011-12-21,50
2011-12-22,37
2011-12-23,31
2011-12-24,32
2011-12-25,36
2011-12-26,23
2011-12-27,32
2011-12-28,34
2011-12-29,21
2011-12-30,36
2011-12-31,30
2012-01-1,108
2012-01-2,59
2012-01-3,63
2012-01-4,79
2012-01-5,83
2012-01-6,93
2012-01-7,90
2012-01-8,89
2012-01-9,75
2012-01-10,94
2012-01-11,63
2012-01-12,64
2012-01-13,78
2012-01-14,80
2012-01-15,85
2012-01-16,82
2012-01-17,65
2012-01-18,71
2012-01-19,67
2012-01-20,76
2012-01-21,87
2012-01-22,68
2012-01-23,61
2012-01-24,81
2012-01-25,93
2012-01-26,83
2012-01-27,73
2012-01-28,56
2012-01-29,55
2012-01-30,68
2012-01-31,61
2012-02-1,95
2012-02-2,69
2012-02-3,98
2012-02-4,58
2012-02-5,87
2012-02-6,62
2012-02-7,54
2012-02-8,82
2012-02-9,75
2012-02-10,82
2012-02-11,86
2012-02-12,69
2012-02-13,71
2012-02-14,59
2012-02-15,91
2012-02-16,88
2012-02-17,76
2012-02-18,73
2012-02-19,73
2012-02-20,61
2012-02-21,70
2012-02-22,59
2012-02-23,80
2012-02-24,74
2012-02-25,62
2012-02-26,59
2012-02-27,66
2012-02-28,65
2012-02-29,67
2012-03-1,86
2012-03-2,78
2012-03-3,73
2012-03-4,61
2012-03-5,96
2012-03-6,68
2012-03-7,61
2012-03-8,92
2012-03-9,73
2012-03-10,64
2012-03-11,57
2012-03-12,72
2012-03-13,83
2012-03-14,76
2012-03-15,83
2012-03-16,60
2012-03-17,63
2012-03-18,58
2012-03-19,43
2012-03-20,67
2012-03-21,54
2012-03-22,72
2012-03-23,58
2012-03-24,58
2012-03-25,72
2012-03-26,63
2012-03-27,72
2012-03-28,65
2012-03-29,64
2012-03-30,72
2012-03-31,61
2012-04-1,80
2012-04-2,60
2012-04-3,71
2012-04-4,78
2012-04-5,55
2012-04-6,56
2012-04-7,80
2012-04-8,81
2012-04-9,71
2012-04-10,78
2012-04-11,58
2012-04-12,59
2012-04-13,74
2012-04-14,73
2012-04-15,61
2012-04-16,64
2012-04-17,57
2012-04-18,77
2012-04-19,69
2012-04-20,89
2012-04-21,54
2012-04-22,47
2012-04-23,79
2012-04-24,74
2012-04-25,63
2012-04-26,77
2012-04-27,66
2012-04-28,55
2012-04-29,74
2012-04-30,64
2012-05-1,67
2012-05-2,80
2012-05-3,66
2012-05-4,66
2012-05-5,71
2012-05-6,53
2012-05-7,73
2012-05-8,72
2012-05-9,70
2012-05-10,77
2012-05-11,75
2012-05-12,73
2012-05-13,73
2012-05-14,51
2012-05-15,69
2012-05-16,58
2012-05-17,68
2012-05-18,81
2012-05-19,72
2012-05-20,58
2012-05-21,50
2012-05-22,56
2012-05-23,71
2012-05-24,92
2012-05-25,71
2012-05-26,56
2012-05-27,57
2012-05-28,56
2012-05-29,77
2012-05-30,80
2012-05-31,49
2012-06-1,71
2012-06-2,67
2012-06-3,72
2012-06-4,58
2012-06-5,70
2012-06-6,62
2012-06-7,55
2012-06-8,55
2012-06-9,54
2012-06-10,47
2012-06-11,52
2012-06-12,62
2012-06-13,46
2012-06-14,62
2012-06-15,66
2012-06-16,59
2012-06-17,61
2012-06-18,56
2012-06-19,60
2012-06-20,66
2012-06-21,63
2012-06-22,80
2012-06-23,48
2012-06-24,57
2012-06-25,52
2012-06-26,58
2012-06-27,75
2012-06-28,61
2012-06-29,74
2012-06-30,52
2012-07-1,71
2012-07-2,76
2012-07-3,60
2012-07-4,61
2012-07-5,67
2012-07-6,65
2012-07-7,68
2012-07-8,54
2012-07-9,59
2012-07-10,51
2012-07-11,63
2012-07-12,56
2012-07-13,52
2012-07-14,76
2012-07-15,57
2012-07-16,55
2012-07-17,75
2012-07-18,67
2012-07-19,47
2012-07-20,39
2012-07-21,52
2012-07-22,51
2012-07-23,62
2012-07-24,60
2012-07-25,64
2012-07-26,70
2012-07-27,63
2012-07-28,54
2012-07-29,52
2012-07-30,62
2012-07-31,62
2012-08-1,72
2012-08-2,59
2012-08-3,65
2012-08-4,51
2012-08-5,51
2012-08-6,52
2012-08-7,58
2012-08-8,61
2012-08-9,71
2012-08-10,55
2012-08-11,60
2012-08-12,55
2012-08-13,42
2012-08-14,61
2012-08-15,66
2012-08-16,68
2012-08-17,64
2012-08-18,57
2012-08-19,51
2012-08-20,54
2012-08-21,64
2012-08-22,64
2012-08-23,61
2012-08-24,66
2012-08-25,58
2012-08-26,60
2012-08-27,55
2012-08-28,59
2012-08-29,49
2012-08-30,49
2012-08-31,73
2012-09-1,52
2012-09-2,48
2012-09-3,48
2012-09-4,55
2012-09-5,68
2012-09-6,52
2012-09-7,57
2012-09-8,52
2012-09-9,52
2012-09-10,55
2012-09-11,56
2012-09-12,54
2012-09-13,67
2012-09-14,68
2012-09-15,61
2012-09-16,50
2012-09-17,39
2012-09-18,51
2012-09-19,65
2012-09-20,54
2012-09-21,65
2012-09-22,55
2012-09-23,46
2012-09-24,53
2012-09-25,54
2012-09-26,47
2012-09-27,65
2012-09-28,54
2012-09-29,51
2012-09-30,48
2012-10-1,67
2012-10-2,42
2012-10-3,47
2012-10-4,67
2012-10-5,57
2012-10-6,52
2012-10-7,43
2012-10-8,50
2012-10-9,52
2012-10-10,53
2012-10-11,54
2012-10-12,52
2012-10-13,61
2012-10-14,58
2012-10-15,44
2012-10-16,49
2012-10-17,40
2012-10-18,52
2012-10-19,45
2012-10-20,45
2012-10-21,39
2012-10-22,36
2012-10-23,35
2012-10-24,38
2012-10-25,41
2012-10-26,41
2012-10-27,36
2012-10-28,33
2012-10-29,45
2012-10-30,42
2012-10-31,46
2012-11-1,31
2012-11-2,49
2012-11-3,45
2012-11-4,36
2012-11-5,34
2012-11-6,37
2012-11-7,35
2012-11-8,54
2012-11-9,58
2012-11-10,55
2012-11-11,53
2012-11-12,45
2012-11-13,34
2012-11-14,37
2012-11-15,54
2012-11-16,63
2012-11-17,46
2012-11-18,42
2012-11-19,32
2012-11-20,42
2012-11-21,56
2012-11-22,50
2012-11-23,47
2012-11-24,42
2012-11-25,41
2012-11-26,39
2012-11-27,41
2012-11-28,47
2012-11-29,49
2012-11-30,48
2012-12-1,54
2012-12-2,60
2012-12-3,63
2012-12-4,56
2012-12-5,65
2012-12-6,57
2012-12-7,53
2012-12-8,44
2012-12-9,45
2012-12-10,50
2012-12-11,42
2012-12-12,56
2012-12-13,57
2012-12-14,51
2012-12-15,59
2012-12-16,54
2012-12-17,31
2012-12-18,59
2012-12-19,68
2012-12-20,53
2012-12-21,53
2012-12-22,63
2012-12-23,60
2012-12-24,52
2012-12-25,33
2012-12-26,42
2012-12-27,68
2012-12-28,47
2012-12-29,56
2012-12-30,46
2012-12-31,64
2013-01-1,101
2013-01-2,68
2013-01-3,75
2013-01-4,96
2013-01-5,75
2013-01-6,109
2013-01-7,72
2013-01-8,91
2013-01-9,75
2013-01-10,82
2013-01-11,74
2013-01-12,67
2013-01-13,77
2013-01-14,72
2013-01-15,82
2013-01-16,76
2013-01-17,75
2013-01-18,71
2013-01-19,72
2013-01-20,73
2013-01-21,66
2013-01-22,66
2013-01-23,83
2013-01-24,74
2013-01-25,83
2013-01-26,72
2013-01-27,71
2013-01-28,61
2013-01-29,71
2013-01-30,75
2013-01-31,75
2013-02-1,88
2013-02-2,64
2013-02-3,69
2013-02-4,60
2013-02-5,65
2013-02-6,58
2013-02-7,60
2013-02-8,66
2013-02-9,72
2013-02-10,62
2013-02-11,66
2013-02-12,69
2013-02-13,66
2013-02-14,59
2013-02-15,72
2013-02-16,69
2013-02-17,59
2013-02-18,53
2013-02-19,66
2013-02-20,72
2013-02-21,75
2013-02-22,77
2013-02-23,69
2013-02-24,57
2013-02-25,57
2013-02-26,62
2013-02-27,78
2013-02-28,76
2013-03-1,82
2013-03-2,69
2013-03-3,56
2013-03-4,72
2013-03-5,71
2013-03-6,66
2013-03-7,53
2013-03-8,51
2013-03-9,49
2013-03-10,48
2013-03-11,68
2013-03-12,46
2013-03-13,61
2013-03-14,77
2013-03-15,67
2013-03-16,70
2013-03-17,55
2013-03-18,59
2013-03-19,61
2013-03-20,70
2013-03-21,57
2013-03-22,59
2013-03-23,61
2013-03-24,77
2013-03-25,46
2013-03-26,57
2013-03-27,63
2013-03-28,64
2013-03-29,48
2013-03-30,67
2013-03-31,75
2013-04-1,76
2013-04-2,60
2013-04-3,77
2013-04-4,61
2013-04-5,54
2013-04-6,48
2013-04-7,56
2013-04-8,52
2013-04-9,63
2013-04-10,66
2013-04-11,63
2013-04-12,67
2013-04-13,70
2013-04-14,61
2013-04-15,58
2013-04-16,53
2013-04-17,50
2013-04-18,42
2013-04-19,51
2013-04-20,69
2013-04-21,65
2013-04-22,56
2013-04-23,43
2013-04-24,69
2013-04-25,46
2013-04-26,52
2013-04-27,54
2013-04-28,53
2013-04-29,47
2013-04-30,66
2013-05-1,61
2013-05-2,59
2013-05-3,59
2013-05-4,72
2013-05-5,54
2013-05-6,56
2013-05-7,58
2013-05-8,59
2013-05-9,61
2013-05-10,70
2013-05-11,67
2013-05-12,71
2013-05-13,54
2013-05-14,61
2013-05-15,80
2013-05-16,66
2013-05-17,82
2013-05-18,79
2013-05-19,53
2013-05-20,52
2013-05-21,53
2013-05-22,57
2013-05-23,60
2013-05-24,59
2013-05-25,51
2013-05-26,44
2013-05-27,69
2013-05-28,56
2013-05-29,51
2013-05-30,53
2013-05-31,50
2013-06-1,57
2013-06-2,74
2013-06-3,55
2013-06-4,51
2013-06-5,62
2013-06-6,63
2013-06-7,62
2013-06-8,53
2013-06-9,57
2013-06-10,52
2013-06-11,61
2013-06-12,50
2013-06-13,54
2013-06-14,54
2013-06-15,78
2013-06-16,60
2013-06-17,60
2013-06-18,68
2013-06-19,59
2013-06-20,83
2013-06-21,67
2013-06-22,68
2013-06-23,57
2013-06-24,46
2013-06-25,35
2013-06-26,54
2013-06-27,61
2013-06-28,61
2013-06-29,62
2013-06-30,73
2013-07-1,62
2013-07-2,42
2013-07-3,38
2013-07-4,64
2013-07-5,53
2013-07-6,66
2013-07-7,47
2013-07-8,65
2013-07-9,54
2013-07-10,58
2013-07-11,61
2013-07-12,68
2013-07-13,50
2013-07-14,57
2013-07-15,59
2013-07-16,48
2013-07-17,46
2013-07-18,55
2013-07-19,49
2013-07-20,55
2013-07-21,45
2013-07-22,40
2013-07-23,39
2013-07-24,68
2013-07-25,66
2013-07-26,57
2013-07-27,60
2013-07-28,53
2013-07-29,49
2013-07-30,63
2013-07-31,58
2013-08-1,50
2013-08-2,66
2013-08-3,45
2013-08-4,77
2013-08-5,59
2013-08-6,51
2013-08-7,42
2013-08-8,57
2013-08-9,48
2013-08-10,51
2013-08-11,47
2013-08-12,52
2013-08-13,51
2013-08-14,54
2013-08-15,64
2013-08-16,70
2013-08-17,56
2013-08-18,45
2013-08-19,42
2013-08-20,53
2013-08-21,47
2013-08-22,75
2013-08-23,74
2013-08-24,47
2013-08-25,38
2013-08-26,42
2013-08-27,49
2013-08-28,71
2013-08-29,55
2013-08-30,51
2013-08-31,63
2013-09-1,55
2013-09-2,49
2013-09-3,54
2013-09-4,54
2013-09-5,77
2013-09-6,60
2013-09-7,60
2013-09-8,52
2013-09-9,51
2013-09-10,63
2013-09-11,63
2013-09-12,69
2013-09-13,56
2013-09-14,49
2013-09-15,56
2013-09-16,50
2013-09-17,49
2013-09-18,59
2013-09-19,57
2013-09-20,55
2013-09-21,56
2013-09-22,56
2013-09-23,46
2013-09-24,60
2013-09-25,56
2013-09-26,52
2013-09-27,39
2013-09-28,43
2013-09-29,40
2013-09-30,53
2013-10-1,61
2013-10-2,66
2013-10-3,64
2013-10-4,57
2013-10-5,56
2013-10-6,54
2013-10-7,40
2013-10-8,40
2013-10-9,59
2013-10-10,61
2013-10-11,49
2013-10-12,61
2013-10-13,56
2013-10-14,43
2013-10-15,64
2013-10-16,68
2013-10-17,55
2013-10-18,50
2013-10-19,59
2013-10-20,63
2013-10-21,49
2013-10-22,66
2013-10-23,77
2013-10-24,61
2013-10-25,67
2013-10-26,48
2013-10-27,37
2013-10-28,50
2013-10-29,48
2013-10-30,51
2013-10-31,53
2013-11-1,46
2013-11-2,59
2013-11-3,46
2013-11-4,49
2013-11-5,47
2013-11-6,50
2013-11-7,49
2013-11-8,46
2013-11-9,50
2013-11-10,40
2013-11-11,46
2013-11-12,48
2013-11-13,49
2013-11-14,56
2013-11-15,53
2013-11-16,48
2013-11-17,61
2013-11-18,53
2013-11-19,57
2013-11-20,63
2013-11-21,55
2013-11-22,54
2013-11-23,47
2013-11-24,42
2013-11-25,36
2013-11-26,60
2013-11-27,67
2013-11-28,55
2013-11-29,58
2013-11-30,43
2013-12-1,44
2013-12-2,43
2013-12-3,45
2013-12-4,54
2013-12-5,39
2013-12-6,53
2013-12-7,36
2013-12-8,44
2013-12-9,44
2013-12-10,63
2013-12-11,45
2013-12-12,48
2013-12-13,51
2013-12-14,59
2013-12-15,64
2013-12-16,46
2013-12-17,60
2013-12-18,57
2013-12-19,46
2013-12-20,37
2013-12-21,43
2013-12-22,37
2013-12-23,43
2013-12-24,41
2013-12-25,24
2013-12-26,25
2013-12-27,31
2013-12-28,33
2013-12-29,31
2013-12-30,22
2013-12-31,13
2014-01-1,80
2014-01-2,51
2014-01-3,58
2014-01-4,57
2014-01-5,63
2014-01-6,66
2014-01-7,56
2014-01-8,59
2014-01-9,65
2014-01-10,78
2014-01-11,62
2014-01-12,68
2014-01-13,59
2014-01-14,65
2014-01-15,60
2014-01-16,52
2014-01-17,88
2014-01-18,52
2014-01-19,53
2014-01-20,71
2014-01-21,60
2014-01-22,65
2014-01-23,52
2014-01-24,58
2014-01-25,67
2014-01-26,51
2014-01-27,54
2014-01-28,51
2014-01-29,59
2014-01-30,57
2014-01-31,44
2014-02-1,68
2014-02-2,60
2014-02-3,61
2014-02-4,61
2014-02-5,68
2014-02-6,65
2014-02-7,67
2014-02-8,66
2014-02-9,70
2014-02-10,71
2014-02-11,72
2014-02-12,74
2014-02-13,60
2014-02-14,58
2014-02-15,64
2014-02-16,50
2014-02-17,65
2014-02-18,60
2014-02-19,66
2014-02-20,42
2014-02-21,65
2014-02-22,57
2014-02-23,65
2014-02-24,55
2014-02-25,68
2014-02-26,53
2014-02-27,62
2014-02-28,36
2014-03-1,65
2014-03-2,54
2014-03-3,59
2014-03-4,55
2014-03-5,61
2014-03-6,61
2014-03-7,53
2014-03-8,48
2014-03-9,45
2014-03-10,42
2014-03-11,58
2014-03-12,60
2014-03-13,55
2014-03-14,73
2014-03-15,52
2014-03-16,63
2014-03-17,61
2014-03-18,67
2014-03-19,78
2014-03-20,62
2014-03-21,56
2014-03-22,40
2014-03-23,52
2014-03-24,45
2014-03-25,58
2014-03-26,57
2014-03-27,53
2014-03-28,59
2014-03-29,46
2014-03-30,38
2014-03-31,42
2014-04-1,71
2014-04-2,54
2014-04-3,58
2014-04-4,71
2014-04-5,58
2014-04-6,53
2014-04-7,56
2014-04-8,46
2014-04-9,51
2014-04-10,64
2014-04-11,54
2014-04-12,42
2014-04-13,59
2014-04-14,50
2014-04-15,47
2014-04-16,67
2014-04-17,45
2014-04-18,45
2014-04-19,57
2014-04-20,67
2014-04-21,46
2014-04-22,49
2014-04-23,58
2014-04-24,54
2014-04-25,55
2014-04-26,49
2014-04-27,53
2014-04-28,62
2014-04-29,55
2014-04-30,57
2014-05-1,50
2014-05-2,71
2014-05-3,37
2014-05-4,54
2014-05-5,64
2014-05-6,56
2014-05-7,59
2014-05-8,57
2014-05-9,74
2014-05-10,60
2014-05-11,58
2014-05-12,41
2014-05-13,60
2014-05-14,54
2014-05-15,66
2014-05-16,63
2014-05-17,49
2014-05-18,66
2014-05-19,60
2014-05-20,62
2014-05-21,63
2014-05-22,68
2014-05-23,59
2014-05-24,61
2014-05-25,46
2014-05-26,47
2014-05-27,56
2014-05-28,78
2014-05-29,58
2014-05-30,54
2014-05-31,44
2014-06-1,71
2014-06-2,34
2014-06-3,54
2014-06-4,58
2014-06-5,51
2014-06-6,54
2014-06-7,48
2014-06-8,50
2014-06-9,49
2014-06-10,58
2014-06-11,56
2014-06-12,61
2014-06-13,48
2014-06-14,34
2014-06-15,47
2014-06-16,54
2014-06-17,48
2014-06-18,47
2014-06-19,41
2014-06-20,55
2014-06-21,60
2014-06-22,58
2014-06-23,50
2014-06-24,52
2014-06-25,32
2014-06-26,44
2014-06-27,53
2014-06-28,54
2014-06-29,59
2014-06-30,55
2014-07-1,81
2014-07-2,57
2014-07-3,65
2014-07-4,50
2014-07-5,58
2014-07-6,66
2014-07-7,55
2014-07-8,63
2014-07-9,50
2014-07-10,58
2014-07-11,54
2014-07-12,60
2014-07-13,57
2014-07-14,56
2014-07-15,63
2014-07-16,57
2014-07-17,60
2014-07-18,65
2014-07-19,54
2014-07-20,54
2014-07-21,45
2014-07-22,54
2014-07-23,59
2014-07-24,47
2014-07-25,48
2014-07-26,49
2014-07-27,51
2014-07-28,60
2014-07-29,46
2014-07-30,60
2014-07-31,54
2014-08-1,61
2014-08-2,55
2014-08-3,63
2014-08-4,49
2014-08-5,52
2014-08-6,75
2014-08-7,43
2014-08-8,78
2014-08-9,52
2014-08-10,79
2014-08-11,56
2014-08-12,72
2014-08-13,73
2014-08-14,57
2014-08-15,81
2014-08-16,77
2014-08-17,63
2014-08-18,54
2014-08-19,48
2014-08-20,62
2014-08-21,57
2014-08-22,69
2014-08-23,49
2014-08-24,52
2014-08-25,62
2014-08-26,52
2014-08-27,65
2014-08-28,50
2014-08-29,70
2014-08-30,59
2014-08-31,56
2014-09-1,106
2014-09-2,73
2014-09-3,81
2014-09-4,72
2014-09-5,76
2014-09-6,66
2014-09-7,57
2014-09-8,59
2014-09-9,57
2014-09-10,84
2014-09-11,75
2014-09-12,66
2014-09-13,58
2014-09-14,53
2014-09-15,68
2014-09-16,78
2014-09-17,65
2014-09-18,76
2014-09-19,80
2014-09-20,81
2014-09-21,53
2014-09-22,52
2014-09-23,53
2014-09-24,50
2014-09-25,60
2014-09-26,66
2014-09-27,81
2014-09-28,54
2014-09-29,52
2014-09-30,71
2014-10-1,72
2014-10-2,67
2014-10-3,65
2014-10-4,56
2014-10-5,60
2014-10-6,53
2014-10-7,71
2014-10-8,56
2014-10-9,62
2014-10-10,65
2014-10-11,61
2014-10-12,58
2014-10-13,64
2014-10-14,46
2014-10-15,46
2014-10-16,58
2014-10-17,64
2014-10-18,51
2014-10-19,58
2014-10-20,52
2014-10-21,50
2014-10-22,48
2014-10-23,49
2014-10-24,60
2014-10-25,48
2014-10-26,50
2014-10-27,39
2014-10-28,44
2014-10-29,53
2014-10-30,37
2014-10-31,60
2014-11-1,35
2014-11-2,60
2014-11-3,44
2014-11-4,49
2014-11-5,62
2014-11-6,74
2014-11-7,64
2014-11-8,55
2014-11-9,55
2014-11-10,48
2014-11-11,46
2014-11-12,46
2014-11-13,50
2014-11-14,56
2014-11-15,51
2014-11-16,48
2014-11-17,47
2014-11-18,52
2014-11-19,49
2014-11-20,47
2014-11-21,40
2014-11-22,60
2014-11-23,39
2014-11-24,38
2014-11-25,56
2014-11-26,38
2014-11-27,33
2014-11-28,51
2014-11-29,55
2014-11-30,48
2014-12-1,42
2014-12-2,47
2014-12-3,45
2014-12-4,57
2014-12-5,52
2014-12-6,60
2014-12-7,47
2014-12-8,46
2014-12-9,38
2014-12-10,52
2014-12-11,50
2014-12-12,60
2014-12-13,64
2014-12-14,51
2014-12-15,46
2014-12-16,42
2014-12-17,49
2014-12-18,49
2014-12-19,53
2014-12-20,54
2014-12-21,54
2014-12-22,43
2014-12-23,55
2014-12-24,50
2014-12-25,38
2014-12-26,54
2014-12-27,37
2014-12-28,49
2014-12-29,42
2014-12-30,62
2014-12-31,60
2015-01-1,79
2015-01-2,57
2015-01-3,71
2015-01-4,88
2015-01-5,67
2015-01-6,73
2015-01-7,64
2015-01-8,56
2015-01-9,69
2015-01-10,74
2015-01-11,72
2015-01-12,65
2015-01-13,72
2015-01-14,70
2015-01-15,65
2015-01-16,70
2015-01-17,65
2015-01-18,40
2015-01-19,65
2015-01-20,79
2015-01-21,68
2015-01-22,72
2015-01-23,64
2015-01-24,73
2015-01-25,78
2015-01-26,61
2015-01-27,62
2015-01-28,68
2015-01-29,63
2015-01-30,70
2015-01-31,59
2015-02-1,89
2015-02-2,65
2015-02-3,71
2015-02-4,71
2015-02-5,63
2015-02-6,71
2015-02-7,55
2015-02-8,76
2015-02-9,54
2015-02-10,65
2015-02-11,63
2015-02-12,79
2015-02-13,69
2015-02-14,75
2015-02-15,67
2015-02-16,71
2015-02-17,63
2015-02-18,74
2015-02-19,66
2015-02-20,71
2015-02-21,62
2015-02-22,54
2015-02-23,60
2015-02-24,56
2015-02-25,60
2015-02-26,65
2015-02-27,53
2015-02-28,48
2015-03-1,72
2015-03-2,51
2015-03-3,66
2015-03-4,60
2015-03-5,49
2015-03-6,76
2015-03-7,59
2015-03-8,53
2015-03-9,51
2015-03-10,68
2015-03-11,45
2015-03-12,60
2015-03-13,58
2015-03-14,46
2015-03-15,51
2015-03-16,58
2015-03-17,63
2015-03-18,60
2015-03-19,49
2015-03-20,62
2015-03-21,66
2015-03-22,60
2015-03-23,50
2015-03-24,47
2015-03-25,51
2015-03-26,52
2015-03-27,51
2015-03-28,51
2015-03-29,43
2015-03-30,39
2015-03-31,44
2015-04-1,77
2015-04-2,55
2015-04-3,52
2015-04-4,76
2015-04-5,77
2015-04-6,56
2015-04-7,63
2015-04-8,69
2015-04-9,65
2015-04-10,60
2015-04-11,55
2015-04-12,60
2015-04-13,49
2015-04-14,54
2015-04-15,66
2015-04-16,56
2015-04-17,48
2015-04-18,57
2015-04-19,54
2015-04-20,63
2015-04-21,68
2015-04-22,43
2015-04-23,55
2015-04-24,68
2015-04-25,60
2015-04-26,67
2015-04-27,49
2015-04-28,62
2015-04-29,54
2015-04-30,67
2015-05-1,56
2015-05-2,60
2015-05-3,74
2015-05-4,48
2015-05-5,59
2015-05-6,53
2015-05-7,64
2015-05-8,67
2015-05-9,54
2015-05-10,58
2015-05-11,40
2015-05-12,60
2015-05-13,61
2015-05-14,55
2015-05-15,68
2015-05-16,64
2015-05-17,57
2015-05-18,48
2015-05-19,56
2015-05-20,54
2015-05-21,61
2015-05-22,57
2015-05-23,53
2015-05-24,59
2015-05-25,52
2015-05-26,69
2015-05-27,48
2015-05-28,71
2015-05-29,54
2015-05-30,62
2015-05-31,67
2015-06-1,57
2015-06-2,52
2015-06-3,53
2015-06-4,54
2015-06-5,53
2015-06-6,54
2015-06-7,67
2015-06-8,65
2015-06-9,43
2015-06-10,64
2015-06-11,51
2015-06-12,50
2015-06-13,57
2015-06-14,58
2015-06-15,43
2015-06-16,51
2015-06-17,62
2015-06-18,54
2015-06-19,57
2015-06-20,63
2015-06-21,63
2015-06-22,41
2015-06-23,55
2015-06-24,66
2015-06-25,56
2015-06-26,48
2015-06-27,58
2015-06-28,70
2015-06-29,51
2015-06-30,66
2015-07-1,69
2015-07-2,59
2015-07-3,59
2015-07-4,57
2015-07-5,58
2015-07-6,54
2015-07-7,57
2015-07-8,58
2015-07-9,54
2015-07-10,56
2015-07-11,52
2015-07-12,56
2015-07-13,47
2015-07-14,46
2015-07-15,50
2015-07-16,57
2015-07-17,76
2015-07-18,48
2015-07-19,58
2015-07-20,58
2015-07-21,62
2015-07-22,48
2015-07-23,55
2015-07-24,46
2015-07-25,60
2015-07-26,54
2015-07-27,48
2015-07-28,45
2015-07-29,52
2015-07-30,59
2015-07-31,52
2015-08-1,49
2015-08-2,61
2015-08-3,43
2015-08-4,66
2015-08-5,63
2015-08-6,58
2015-08-7,51
2015-08-8,65
2015-08-9,62
2015-08-10,50
2015-08-11,71
2015-08-12,57
2015-08-13,63
2015-08-14,49
2015-08-15,55
2015-08-16,66
2015-08-17,59
2015-08-18,61
2015-08-19,47
2015-08-20,54
2015-08-21,48
2015-08-22,58
2015-08-23,53
2015-08-24,54
2015-08-25,60
2015-08-26,41
2015-08-27,58
2015-08-28,46
2015-08-29,47
2015-08-30,57
2015-08-31,42
2015-09-1,55
2015-09-2,71
2015-09-3,76
2015-09-4,65
2015-09-5,56
2015-09-6,58
2015-09-7,59
2015-09-8,48
2015-09-9,74
2015-09-10,61
2015-09-11,61
2015-09-12,47
2015-09-13,56
2015-09-14,53
2015-09-15,58
2015-09-16,55
2015-09-17,40
2015-09-18,52
2015-09-19,56
2015-09-20,56
2015-09-21,43
2015-09-22,42
2015-09-23,45
2015-09-24,52
2015-09-25,51
2015-09-26,50
2015-09-27,49
2015-09-28,54
2015-09-29,38
2015-09-30,47
2015-10-1,69
2015-10-2,72
2015-10-3,49
2015-10-4,58
2015-10-5,58
2015-10-6,66
2015-10-7,58
2015-10-8,49
2015-10-9,58
2015-10-10,80
2015-10-11,70
2015-10-12,63
2015-10-13,62
2015-10-14,66
2015-10-15,70
2015-10-16,63
2015-10-17,67
2015-10-18,52
2015-10-19,66
2015-10-20,65
2015-10-21,81
2015-10-22,69
2015-10-23,69
2015-10-24,53
2015-10-25,57
2015-10-26,42
2015-10-27,53
2015-10-28,77
2015-10-29,53
2015-10-30,63
2015-10-31,63
2015-11-1,53
2015-11-2,54
2015-11-3,47
2015-11-4,53
2015-11-5,54
2015-11-6,66
2015-11-7,54
2015-11-8,50
2015-11-9,49
2015-11-10,37
2015-11-11,70
2015-11-12,63
2015-11-13,37
2015-11-14,58
2015-11-15,67
2015-11-16,38
2015-11-17,46
2015-11-18,49
2015-11-19,52
2015-11-20,56
2015-11-21,58
2015-11-22,57
2015-11-23,40
2015-11-24,64
2015-11-25,56
2015-11-26,56
2015-11-27,45
2015-11-28,52
2015-11-29,63
2015-11-30,45
2015-12-1,58
2015-12-2,51
2015-12-3,50
2015-12-4,58
2015-12-5,55
2015-12-6,57
2015-12-7,66
2015-12-8,39
2015-12-9,45
2015-12-10,49
2015-12-11,57
2015-12-12,46
2015-12-13,57
2015-12-14,42
2015-12-15,49
2015-12-16,53
2015-12-17,56
2015-12-18,52
2015-12-19,50
2015-12-20,65
2015-12-21,53
2015-12-22,45
2015-12-23,52
2015-12-24,58
2015-12-25,44
2015-12-26,44
2015-12-27,58
2015-12-28,41
2015-12-29,66
2015-12-30,44
2015-12-31,58
2016-01-1,91
2016-01-2,87
2016-01-3,71
2016-01-4,72
2016-01-5,64
2016-01-6,70
2016-01-7,101
2016-01-8,70
2016-01-9,71
2016-01-10,77
2016-01-11,54
2016-01-12,56
2016-02-1,55
2016-02-2,61
2016-02-3,64
2016-02-4,56
2016-02-5,57
2016-02-6,86
2016-02-7,63
2016-02-8,57
2016-02-9,73
2016-02-10,60
2016-02-11,54
2016-02-12,54
2016-03-1,96
2016-03-2,62
2016-03-3,80
2016-03-4,50
2016-03-5,59
2016-03-6,65
2016-03-7,85
2016-03-8,70
2016-03-9,77
2016-03-10,54
2016-03-11,74
2016-03-12,52
2016-04-1,106
2016-04-2,63
2016-04-3,78
2016-04-4,68
2016-04-5,59
2016-04-6,63
2016-04-7,64
2016-04-8,65
2016-04-9,75
2016-04-10,57
2016-04-11,77
2016-04-12,64
2016-05-1,75
2016-05-2,95
2016-05-3,68
2016-05-4,60
2016-05-5,67
2016-05-6,93
2016-05-7,58
2016-05-8,66
2016-05-9,59
2016-05-10,74
2016-05-11,70
2016-05-12,56
2016-06-1,80
2016-06-2,81
2016-06-3,65
2016-06-4,52
2016-06-5,62
2016-06-6,73
2016-06-7,54
2016-06-8,73
2016-06-9,71
2016-06-10,80
2016-06-11,82
2016-06-12,63
2016-07-1,66
2016-07-2,79
2016-07-3,66
2016-07-4,73
2016-07-5,80
2016-07-6,76
2016-07-7,67
2016-07-8,68
2016-07-9,63
2016-07-10,59
2016-07-11,51
2016-07-12,65
2016-08-1,85
2016-08-2,76
2016-08-3,68
2016-08-4,80
2016-08-5,90
2016-08-6,72
2016-08-7,68
2016-08-8,61
2016-08-9,71
2016-08-10,54
2016-08-11,65
2016-08-12,52
2016-09-1,94
2016-09-2,61
2016-09-3,69
2016-09-4,61
2016-09-5,59
2016-09-6,53
2016-09-7,59
2016-09-8,66
2016-09-9,61
2016-09-10,59
2016-09-11,60
2016-09-12,60
2016-10-1,88
2016-10-2,66
2016-10-3,63
2016-10-4,72
2016-10-5,79
2016-10-6,57
2016-10-7,71
2016-10-8,74
2016-10-9,56
2016-10-10,67
2016-10-11,54
2016-10-12,70
2016-11-1,87
2016-11-2,71
2016-11-3,62
2016-11-4,59
2016-11-5,73
2016-11-6,72
2016-11-7,59
2016-11-8,53
2016-11-9,64
2016-11-10,66
2016-11-11,62
2016-11-12,59
2016-12-1,67
2016-12-2,86
2016-12-3,89
2016-12-4,52
2016-12-5,77
2016-12-6,54
2016-12-7,77
2016-12-8,63
2016-12-9,49
2016-12-10,68
2016-12-11,71
2016-12-12,69
2017-01-1,94
2017-01-2,66
2017-01-3,83
2017-01-4,80
2017-01-5,68
2017-01-6,81
2017-01-7,77
2017-01-8,82
2017-01-9,89
2017-01-10,74
2017-01-11,70
2017-01-12,87
2017-01-13,80
2017-01-14,75
2017-01-15,74
2017-01-16,76
2017-01-17,67
2017-01-18,63
2017-01-19,83
2017-01-20,68
2017-01-21,89
2017-01-22,84
2017-01-23,62
2017-01-24,71
2017-01-25,73
2017-01-26,70
2017-01-27,80
2017-01-28,66
2017-01-29,98
2017-01-30,51
2017-01-31,59
2017-02-1,84
2017-02-2,74
2017-02-3,80
2017-02-4,70
2017-02-5,83
2017-02-6,68
2017-02-7,69
2017-02-8,78
2017-02-9,55
2017-02-10,58
2017-02-11,47
2017-02-12,78
2017-02-13,63
2017-02-14,64
2017-02-15,86
2017-02-16,71
2017-02-17,66
2017-02-18,70
2017-02-19,72
2017-02-20,60
2017-02-21,64
2017-02-22,53
2017-02-23,77
2017-02-24,71
2017-02-25,66
2017-02-26,76
2017-02-27,52
2017-02-28,52
2017-03-1,78
2017-03-2,66
2017-03-3,60
2017-03-4,68
2017-03-5,56
2017-03-6,62
2017-03-7,54
2017-03-8,64
2017-03-9,75
2017-03-10,71
2017-03-11,53
2017-03-12,68
2017-03-13,51
2017-03-14,40
2017-03-15,71
2017-03-16,59
2017-03-17,81
2017-03-18,70
2017-03-19,64
2017-03-20,64
2017-03-21,59
2017-03-22,50
2017-03-23,67
2017-03-24,56
2017-03-25,64
2017-03-26,59
2017-03-27,50
2017-03-28,59
2017-03-29,63
2017-03-30,60
2017-03-31,54
2017-04-1,85
2017-04-2,72
2017-04-3,52
2017-04-4,45
2017-04-5,65
2017-04-6,68
2017-04-7,71
2017-04-8,60
2017-04-9,63
2017-04-10,49
2017-04-11,49
2017-04-12,63
2017-04-13,55
2017-04-14,57
2017-04-15,86
2017-04-16,73
2017-04-17,62
2017-04-18,47
2017-04-19,62
2017-04-20,65
2017-04-21,53
2017-04-22,64
2017-04-23,61
2017-04-24,54
2017-04-25,56
2017-04-26,64
2017-04-27,69
2017-04-28,55
2017-04-29,61
2017-04-30,55
2017-05-1,57
2017-05-2,52
2017-05-3,44
2017-05-4,44
2017-05-5,57
2017-05-6,53
2017-05-7,40
2017-05-8,50
2017-05-9,54
2017-05-10,56
2017-05-11,50
2017-05-12,54
2017-05-13,42
2017-05-14,61
2017-05-15,53
2017-05-16,53
2017-05-17,51
2017-05-18,52
2017-05-19,54
2017-05-20,66
2017-05-21,45
2017-05-22,42
2017-05-23,54
2017-05-24,42
2017-05-25,55
2017-05-26,44
2017-05-27,51
2017-05-28,56
2017-05-29,51
2017-05-30,38
2017-05-31,51
2017-06-1,54
2017-06-2,61
2017-06-3,46
2017-06-4,46
2017-06-5,49
2017-06-6,45
2017-06-7,47
2017-06-8,56
2017-06-9,47
2017-06-10,74
2017-06-11,32
2017-06-12,57
2017-06-13,45
2017-06-14,50
2017-06-15,67
2017-06-16,51
2017-06-17,67
2017-06-18,56
2017-06-19,38
2017-06-20,53
2017-06-21,49
2017-06-22,43
2017-06-23,46
2017-06-24,47
2017-06-25,75
2017-06-26,48
2017-06-27,44
2017-06-28,53
2017-06-29,59
2017-06-30,48
2017-07-1,61
2017-07-2,76
2017-07-3,63
2017-07-4,57
2017-07-5,55
2017-07-6,46
2017-07-7,50
2017-07-8,48
2017-07-9,49
2017-07-10,43
2017-07-11,49
2017-07-12,50
2017-07-13,55
2017-07-14,57
2017-07-15,47
2017-07-16,53
2017-07-17,52
2017-07-18,42
2017-07-19,39
2017-07-20,57
2017-07-21,51
2017-07-22,46
2017-07-23,52
2017-07-24,44
2017-07-25,48
2017-07-26,45
2017-07-27,45
2017-07-28,56
2017-07-29,43
2017-07-30,50
2017-07-31,38
2017-08-1,61
2017-08-2,56
2017-08-3,53
2017-08-4,58
2017-08-5,51
2017-08-6,56
2017-08-7,46
2017-08-8,59
2017-08-9,40
2017-08-10,44
2017-08-11,59
2017-08-12,43
2017-08-13,39
2017-08-14,41
2017-08-15,52
2017-08-16,38
2017-08-17,42
2017-08-18,48
2017-08-19,61
2017-08-20,53
2017-08-21,44
2017-08-22,38
2017-08-23,37
2017-08-24,44
2017-08-25,37
2017-08-26,43
2017-08-27,43
2017-08-28,41
2017-08-29,41
2017-08-30,24
2017-08-31,27
